ISCO_CODE,"INZEGO  ZO HEJURU Z’UBUTEGETSI, INZEGO Z’UBUTEGETSI ZICIRIRITSE N’IZIRI MUNSI YAZO",1,Managers
,"Abayobozi nshingwabikorwa,abayobozi bo hejuru n’abashyiraho amategeko",11,"Chief executives, senior officials and legislators"
,Abashyiraho amategeko n’abategetsi bo hejuru,111,Legislators and senior officials
1111,Abashyiraho amategeko,1111,Legislators
1112,Abayobozi ba leta bo mu rwego rwo hejuru,1112,Senior government officials
1113,Abayobozi ba gakondo n’ab’inzego z’ibanze,1113,Traditional chiefs and heads of village
1114,Abayobozi n’abakozi bakuru b’amashyirahamwe yihariye ,1114,Senior officials of special-interest organizations
,Abayobozi bakuru n’abayobozi nshingwabikorwa,112,Managing directors and chief executives
1120,Abayobozi bakuru n’abayobozi nshingwabikorwa,112,Managing directors and chief executives
,Abayobozi bashinzwe ubutegetsi n’ubucuruzi ,12,Administrative and commercial managers
,Abayobozi  bashinzwe serivisi z' ubushabitsi(business) ni iz'ubutegetsi ,121,Business services and administration managers
1211,Abayobozi b’icungamari,1211,Finance managers
1212,Abayobozi bashinzwe gucunga abakozi,1212,Human resource managers
1213,Abayobozi bashizwe gushyiraho politiki ngenderwaho n’’igenamigambi,1213,Policy and planning managers
1219,Abayobozi  bashinzwe serivisi z' ubushabitsi(business) ni iz'ubutegetsi batavuzwe  ahandi,1219,Business services and administration managers not elsewhere classified
,Abayobozi bashinzwe igurisha n’iyamamaza ry’ibicuruzwa ,122,"Sales, marketing and development managers"
1221,Abayobozi abayobozi bashinzwe igurisha n’iyamamaza ry’ibicuruzwa ,1221,Sales and marketing managers
1222,Abayobozi bashinzwe’iyamaza no guhuza imikoranire y’inzego,1222,Advertising and public relations managers
1223,Abayobozi bashinzwe ubushakashatsi n’iterambere ,1223,Research and development managers
,Abayobozi mu mirimo itanga umusaruro n’indi ifite umwihariko,13,Production and specialised services managers
,"Abayobozi mu mirimo y’ubuhinzi,amashyamba n’uburobyi",131,"Production managers in agriculture, forestry and fisheries"
1311,Abayobozi mu mirimo y’ubuhinzi n’amashyamba,1311,Agricultural and forestry production managers
1312,Abayobozi mu mirimo y’ubworozi bwo mu mazi n’uburobyi,1312,Aquaculture and fisheries production managers
,"Abayobozi mu mirimo y’ubukorikori,ubucukuzi,ubwubatsi ",132,"Manufacturing, mining, construction, and distribution managers"
1321,Abayobozi mu mirimo y’ubukorikori,1321,Manufacturing managers
1322,Abayobozi mu mirimo y’ubucukuzi,1322,Mining managers
1323,Abayobozi mu mirimo y’ubwubatsi,1323,Construction managers
1324,Abayobozi mu kugemura cg gukwirakwiza ibikenewe,1324,"Supply, distribution and related managers"
,Abayobozi mu itumanaho rijyanye ikoranabuhanga,133,Information and communications technology service managers
1330,Abayobozi mu itumanaho rijyanye ikoranabuhanga,1330,Information and communications technology service managers
,Abayobozi mu myuga yihariye,134,Professional services managers
1341,Abayobozi mu mirimo yo kwita ku bana,1341,Child care services managers
1342,Abayobozi mu mirimo yerekeranye n’ubuvuzi,1342,Health services managers
1343,Abayobozi mu mirimo yo kwita ku basheshe akanguhe,1343,Aged care services managers
1344,Abayobozi mu byerekeye imibereho myiza y’abaturage,1344,Social welfare managers
1345,Abayobozi mu byerekeranye n’uburezi ,1345,Education managers
1346,Abayobozi mu mirimo y’imari n’ubwishingizi,1346,Financial and insurance services branch managers
1349,Abayobozi mu y'indi  mirimo itagize aho ivugwa muri urwo rwego,1349,Professional services managers not elsewhere classified
,Abayobozi mu mirimo ijyane no gucumbikira abantu n’ibindi bias nayo,14,"Hospitality, retail and other services managers"
,Abayobozi b’amahoteri n’aho barira,141,Hotel and restaurant managers
1411,Abayobozi b’amahoteri,1411,Hotel managers
1412,Abayobozi b’aho barira,1412,Restaurant managers
,Abayobozi mu bucuruzi budandaza n’uburanguza,142,Retail and wholesale trade managers
1420,Abayobozi mu bucuruzi budandaza n’uburanguza,1420,Retail and wholesale trade managers
,Abayobozi bo mu zindi servisi,143,Other services managers
1431,"Abayobozi mu by’mikino,imyidagaduro n’imico ya gakondo",1431,"Sports, recreation and cultural centre managers"
1439,Abayobozi mu zindi  servisi  zitagize aho zivugwa,1439,Services managers not elsewhere classified
,ABANYAMWUGA ( PROFESSIONNELS) ,2,Professionals
,Abakora imyuga ijyanye n’ubumenyi n’iby'abanjeniyeri,21,Science and engineering professionals
,Abakora imyuga ijyanye n’ubugenge (physics) n’ubumenyi bw’ubutaka,211,Physical and earth science professionals
2111,Abakora imyuga ijyanye n’ubugeni cg ubumenyi bw’inyenyeri,2111,Physicists and astronomers
2112,Abakora umwuga ujyanye n’ihinduka ry’ibihe,2112,Meteorologists
2113,Abakora imirimo ijyanye n'ubutabire,2113,Chemists
2114,Abakora imirimo ijyanye n’amabuye y’agaciro n’ubumenyi bw’ubutaka,2114,Geologists and geophysicists
,"Abakora mu bijyanye n’imibare,n’ibarurishamire",212,"Mathematicians, actuaries and statisticians"
2120,"Abakora mu bijyanye n’imibare,n’ibarurishamire",2120,"Mathematicians, actuaries and statisticians"
,Abakora mu bijyanye n’ubumenyi mu by’ubuzima,213,Life science professionals
2131,"Abakora mu bijyanye n’ubumenyi bw’ibinyabuzima,ibimera,inyamaswa,n’ibindi bijya gusa,",2131,"Biologists, botanists, zoologists and related professionals"
2132,"Abakora ubujyanama mu bijyanye n’ubworozi,amashyamba, n’uburobyi",2132,"Farming, forestry and fisheries advisers"
2133,Abakora mu bijyanye no kurinda ibidukikije,2133,Environmental protection professionals
,Ba injeniyeri ukuyemo abo mu rw'electronics,214,Engineering professionals (excluding electrotechnology)
2141,Ba injeniyeri mu by’inganda,2141,Industrial and production engineers
2142,Ba injeniyerri mu by’ubwubatsi,2142,Civil engineers
2143,Ba injeniyeri mu bidukikije,2143,Environmental engineers
2144,Ba injeniyeri mu gukanika,2144,Mechanical engineers
2145,Ba injeniyeri mu by'ubutabire,2145,Chemical engineers
2146,"Ba injeniyeri mu bucukuzi bw ‘amabuyey’agaciro,gucura ibyuma,n’ibindi bijya gusa",2146,"Mining engineers, metallurgists and related professionals"
2149,Ba injeniyeri batavuzwe hejuru,2149,Engineering professionals not elsewhere classified
,Ba injeniyeri mu by’amashanyarazi,215,Electrotechnology engineers
2151,Ba injeniyeri mu by’amashanyarazi,2151,Electrical engineers
2152,Ba ijeniyeri mu bya electronike,2152,Electronics engineers
2153,Ba injeniyeri mu by’itumanaho,2153,Telecommunications engineers
,"Abubatsi,abategura,bakanakora ibishushanyo by’aho ubwubatsi bukorerwa",216,"Architects, planners, surveyors and designers"
2161,Abubakisha amazu,2161,Building architects
2162,Abasuzuma imiterere y’ubutaka bwubakwaho,2162,Landscape architects
2163,Abandika na bashushanya ku myenda,2163,Product and garment designers
2164,Abashushanya inzira z’imihanda yo mu mujyi,2164,Town and traffic planners
2165,Abakora amakarita,2165,Cartographers and surveyors
2166,Les graphistes et concepteurs multimedia,2166,Graphic and multimedia designers
,Abakora imirimo y’ubuvuzi,22,Health professionals
,Abaganga mu by'Ubuzima,221,Medical doctors
2211,Abaganga batahuguwe,2211,Generalist medical practitioners 
2212,Abaganga b’inzobere,2212,Specialist medical practitioners 
,Abaforomo n’ababyaza b’inzobere,222,Nursing and midwifery professionals
2221,Abaforomo b’inzobere,2221,Nursing professionals
2222,Abazobereye mu kubyaza,2222,Midwifery professionals
,Abavuzi ba gakondo babizobeyemo,223,Traditional and complementary medicine professionals
2230,Abavuzi ba gakondo babizobeyemo,2230,Traditional and complementary medicine professionals
,Abakora imirimo ijya gusa n’iy’ubuvuzi,224,Paramedical practitioners
2240,Abakora imirimo ijya gusa n’iy’ubuvuzi,2240,Paramedical practitioners
,Abavuzi b’amatungo,225,Veterinarians
2250,Abavuzi b’amatungo,2250,Veterinarians
,Izindi nzobere mu by’ubuvuzi,226,Other health professionals
2261,Abavuzi b’amenyo,2261,Dentists
2262,Abacuruzi b’imiti,2262,Pharmacists
2263,Abazobereye mu kwita ku bidukikije n’isuku,2263,Environmental and occupational health and hygiene professionals
2264,"Abazobereye mukuvura bakoresheje urumuri,amashanyarazi n’ibindi                                                                ",2264,Physiotherapists 
2265,Abahanga mu bijyanye n’imirire,2265,Dieticians and nutritionists
2266,Abazobereye mu buvuzi bujyanye no kwumva no kuvuga,2266,Audiologists and speech therapists
2267,Abazobereye mu buvuzi bw’amaso,2267,Optometrists and ophthalmic opticians
2269,Inzobere mu by’ubundi buvuzi btavuzwe hejuru,2269,Health professionals not elsewhere classified
,Abazobereye mu byo kwigisha.,23,Teaching professionals
,Abarimu muri Kaminuza n’andi mashuri makuru,231,University and higher education teachers
2310,Abarimu muri Kaminuza n’andi mashuri makuru,2310,University and higher education teachers
,Abarimu bo mu mashuri y’ingoboka,232,Vocational education teachers
2320,Abarimu bo mu mashuri y’ingoboka,2320,Vocational education teachers
,Abarimu bo mashuri yisumbuye,233,Secondary education teachers
2330,Abarimu bo mashuri yisumbuye,2330,Secondary education teachers
,Abarimu bo mu mashuri abanza n’ay’inshuke,234,Primary school and early childhood teachers
2341,Abarimu bo mu mashuri abanza,2341,Primary school teachers
2342,Abarimu bo mu mashuri y’inshuke,2342,Early childhood educators
,Izindi nzobereye mu byo kwigisha ,235,Other teaching professionals
2351,Abazobereye mu gutegura integanyanyigisho,2351,Education methods specialists
2352,Abarimu bigisha ibintu byihariye,2352,Special needs teachers
2353,Abarimu b’izindi ndimi,2353,Other language teachers
2354,Abarimu b’imiziki,2354,Other music teachers
2355,Abarimu b’ubukorikori,2355,Other arts teachers
2356,Abarimu mu bya mudasobwa,2356,Information technology trainers
2359,Abarimu  mu bindi bitagize aho bivugwa ,2359,Teaching professionals not elsewhere classified
,Abashinzwe imiyoborere n’ icungamari,24,Business and administration professionals
,Abashinzwe icungamari,241,Finance professionals
2411,Abacungamari,2411,Accountants
2412,Abajyanama mu icungamari n’ishoramari,2412,Financial and investment advisers
2413,Abazobereye mu gusesengura iby’icungamari,2413,Financial analysts
,Abashinzwe imiyoborere,242,Administration professionals
2421,Abazobereye mu gusesengura ibijyanye n’ubuyobozi,2421,Management and organization analysts
2422,Abashinzwe gahunda y’imiyoborere,2422,Policy administration professionals
2423,Abakozi  n'aba professionels b'umwuga,2423,Personnel and careers professionals
2424,Abashinzwe  amahugurwa y’abakozi,2424,Training and staff development professionals
,"Abazobereye mu kugurisha,kwamamaza no guhuza inzego",243,"Sales, marketing and public relations professionals"
2431,"Abazobereye mu kugurisha,kwamamaza",2431,Advertising and marketing professionals
2432,Abazobereye mu guhuza inzego,2432,Public relations professionals
2433,Abazobereye mu igurisha na  tekiniki mu bijyanye n’ubuvuzi(hatarimo ibijyanye na mudasobwa),2433,Technical and medical sales professionals (excluding ICT)
2434,Abazobereye mu itumanaho hakoreshejwe ikoranabuhanga,2434,Information and communications technology sales professionals
,Abazobereye mu itumanaho hakoreshejwe ikoranabuhanga,25,Information and communications technology professionals
,Abazobereye mu gukora za software na za programmes,251,Software and applications developers and analysts
2511,Abazobereye mu gusesengura za systemes,2511,Systems analysts
2512,Abazobereye mu gutunganya za software,2512,Software developers
2513,Abazobereye mu gutunganya za websites,2513,Web and multimedia developers
2514,Abazobereye mu gukora za programmes,2514,Applications programmers
2519,"Abazobereye mu gukora za software,na za programme batagize aho bavugwa",2519,Software and applications developers and analysts not elsewhere classified
,Abazobereye muri database na réseau ,252,Database and network professionals
2521,Abatunganya bakanakoresha database,2521,Database designers and administrators
2522,Abakurikirana imikorere ya réseau,2522,Systems administrators
2523,Abazobereye mu mikorere ya réseau,2523,Computer network professionals
2529,Abashinzwe database na réseau batagize ahandi bavugwa,2529,Database and network professionals not elsewhere classified
,"Abakora mu bijyanye n’amategeko,imibereho myiza n'umuco",26,"Legal, social and cultural professionals"
,Abazobereye mu by’ampategeko,261,Legal professionals
2611,Abanyamategeko,2611,Lawyers
2612,Abacamanza,2612,Judges
2619,Abanyamategeko batagize aho bavugwa,2619,Legal professionals not elsewhere classified
,Abazobereye mu byerekeranye n’ ibitabo no kubibibika,262,"Librarians, archivists and curators "
2621,Abazobereye mu kubika ibitabo,2621,Archivists and curators
2622,Abazobereye mu byerekeranye n’ibitabo n’ibindi bijya gusa bitavuzwe hejuru,2622,Librarians and related information professionals
,Abakora mu bijyanye n’iyobokamana n’imibereho myiza ,263,Social and religious professionals
2631,Ibijyanye n’ubukungu,2631,Economists
2632,"Abazobereye mu mibereho myiza,ubumenyi bw’imibereho y’abantu n’ibindi bijya gusa",2632,"Sociologists, anthropologists and related professionals"
2633,"Abazobereye mu by’amateka,filozofiya na politiki",2633,"Philosophers, historians and political scientists"
2634,Abakora ibijyanye na psychologie,2634,Psychologists
2635,Abazobereye mu bujyanama mu by’imibereho myiza,2635,Social work and counselling professionals
2636,Abazobereye mu by’iyobokamana,2636,Religious professionals
,"Abanditsi b’ibitabo,abanyamakuru n’abazobereye mu by’indimi",264,"Authors, journalists and linguists"
2641,Abanditsi b’ibitabo n’ibandi nkabo,2641,Authors and related writers
2642,Abanyamakuru ,2642,Journalists
2643,Abasemuzi n’abandi bahanga mu by’indimi,2643,"Translators, interpreters and other linguists"
,Abahanzi,265,Creative and performing artists
2651,Abakora imirimbo irebana n'amaso,2651,Visual artists
2652,Abaririmbyi n’abahimyi b’indirimbo,2652,"Musicians, singers and composers"
2653,Ababyinnyi n'abakora imyitozo ngororamubiri ( accrobates),2653,Dancers and choreographers
2654,Abakora bakanategura za cinema,2654,"Film, stage and related directors and producers"
2655,Abakinnyi b’ikinamico,2655,Actors
2656,"Abavuga ku ma radiyo,televiziyo n’ibindi bitangazamakuru",2656,"Announcers on radio, television and other media"
2659,"Abahimbyi,abahanzi n’abandi batavuzwe hejuru",2659,Creative and performing artists not elsewhere classified
,Inzobere muri tekiniki n’ibindi bijya gusa,3,Technicians and associate professionals
,Aba injeniyeri n’abazobereye mu by’ubumenyi,31,Science and engineering associate professionals
,Abenjeniyeri mu bya fizike n’ubundi bumenyi ,311,Physical and engineering science technicians
3111,Abahanga mu bya fizike na chimie,3111,Chemical and physical science technicians
3112,Abenjeniyeri mu by’ubwubatsi,3112,Civil engineering technicians
3113,Abenjeniyeri mu by’amashanyarazi,3113,Electrical engineering technicians
3114,Abenjeniyeri mu bya electronike,3114,Electronics engineering technicians
3115,Abenjeniyeri mu bya mecanique,3115,Mechanical engineering technicians
3116,Abenjeniyeri mu bya chimie,3116,Chemical engineering technicians
3117,"Abenjeniyeri mu byo gucukura amabuye y’agaciro,no gukora ibyuma(metallurgie)",3117,Mining and metallurgical technicians
3118,Draughtpersons,3118,Draughtspersons
3119,Abandi ba injeniyeri batavuzwe hejuru,3119,Physical and engineering science technicians not elsewhere classified
,"Abakurikirana bakanagenzura iby’icukura ry’amabuye y’agaciro,akazi ko mu nganda cyangwa ubwubatsi",312,"Mining, manufacturing and construction supervisors"
3121,Abakurikirana bakanagenzura iby’icukura ry’amabuye y’agaciro,3121,Mining supervisors
3122,Abakurikirana bakanagenzura ibikorwa mu nganda,3122,Manufacturing supervisors
3123,Abakurikirana bakanagenzura iby’iubwubatsi,3123,Construction supervisors
,Abatekinisiye bakurikirana ibikorwabya tekinike  bitandukanye,313,Process control technicians
3131,Abakurikirana(opérators) iby’itangwa ry’amashanyarazi,3131,Power production plant operators
3132,Abakurikirana iby’itangwa ry’amazi,3132,Incinerator and water treatment plant operators
3133,Abakurikirana ibikorwa mu nganda za chimie,3133,Chemical processing plant controllers
3134,Abakurikirana icukurwa rya peteroli na gazi,3134,Petroleum and natural gas refining plant operators
3135,Abakurikirana ahakorerwa hakanatunganyirizwa  ibyuma,3135,Metal production process controllers
3139,Abatekinisiye bakurikirana ahandi hantu hatunganyirizwa ibitavuzwe hejuru,3139,Process control technicians not elsewhere classified
,Abatekinisiye mu bumenyi bw’ibinyabuzima ,314,Life science technicians and related associate professionals
3141,Abatekinisiye mu bumenyi bw’ibinyabuzima ,3141,Life science technicians (excluding medical)
3142,Abatekinisiye mu by’ubuhinzi,3142,Agricultural technicians
3143,Abatekisiye mu by’amashyamba,3143,Forestry technicians
,Abatekinisiye n’abacunga imikorere y’amato n’indege,315,Ship and aircraft controllers and technicians
3151,Ba injeniyeri bakanika amato,3151,Ships' engineers
3152,Abayobozi bakuru b’amato n’indege,3152,Ships' deck officers and pilots
3153,Abakozi bo mu ndege n’abandi nkabo,3153,Aircraft pilots and related associate professionals
3154,Abayobora indege,3154,Air traffic controllers
3155,Abakoresha ibyuma biyobora indege,3155,Air traffic safety electronics technicians
,Abakora mu by’ubuvuzi,32,Health associate professionals
,Abatekinisiye mu by’ubuvuzi n’imiti,321,Medical and pharmaceutical technicians
3211,Abatekinisiyebazobereye mu bya radiographie na echographie,3211,Medical imaging and therapeutic equipment technicians
3212,Abatekinisiye bazobereye mu bijyanye  no gupima indwara(laboratoire),3212,Medical and pathology laboratory technicians 
3213,Abatekinisiye bazobereye mu by’imiti n’ababafasha,3213,Pharmaceutical technicians and assistants
3214,Abatekinisiye mu by’ubuvuzi bw’amenyo no kuyatera,3214,Medical and dental prosthetic technicians
,"Abakora umurimo w’ubuforomo,ububyaza n’indi bijya gusa",322,Nursing and midwifery associate professionals
3221,Abakora umurimo w’ubuforomo bafatanije n'impuguke,3221,Nursing associate professionals
3222,Abakora umurimo w’ububyaza bafatanije n'impuguke,3222,Midwifery associate professionals
,Abakora umurimo w’ubuvuzi bwa gakondo n’indi yunganira ubuvuzi,323,Traditional and complementary medicine associate professionals
3230,Abakora umurimo w’ubuvuzi bwa gakondo n’indi yunganira ubuvuzi,3230,Traditional and complementary medicine associate professionals
,Abatekinisiye mubijyanye n’ubuvuzi bw’amatungo n’ababafasha,324,Veterinary technicians and assistants
3240,Abatekinisiye mubijyanye n’ubuvuzi bw’amatungo n’ababafasha,3240,Veterinary technicians and assistants
,Abandi bakozi bafasha mu by’ubuvuzi,325,Other health associate professionals
3251,Abafasha muby’ubuvuzi bw’amenyo,3251,Dental assistants and therapists
3252,Abakora umurimo wo kwandika mu bitabo ibyerekeranye n’abarwayi,3252,Medical records and health information technicians
3253,Abajyanama muby’ubuzima,3253,Community health workers
3254,Ubuvuzi bw’amaso,3254,Dispensing opticians
3255,Physiotherapy technicians and assistant,3255,Physiotherapy technicians and assistants
3256,Abaforomo,3256,Medical assistants
3257,Abashinzwe ubugenzuzi bw’ibikoresha n’amazu bikoreshwa mu buvuzi,3257,Environmental and occupational health inspectors and associates
3258,Abashinzwe gukoresha ambulance,3258,Ambulance workers
3259,Abandi bakora mu buvuzi ,3259,Health associate professionals not elsewhere classified
,Abakora umurimo wo gushakisha imari n’ubuyobozi,33,Business and administration associate professionals
,Les professionels intermédiaire en fiance et mathématiques,331,Financial and mathematical associate professionals
3311,Abashinzwe uburinzi gucunga imitungo n’abahuza abagurish n’abagura,3311,Securities and finance dealers and brokers
3312,Abayobozi bo mu murimo wo gutanga inguzanyo,3312,Credit and loans officers
3313,Abaprofessionel Ababaruramari ,3313,Accounting associate professionals
3314,Abakora umurimo w’ibarurishamibare cg imibare,3314,"Statistical, mathematical and related associate professionals"
3315,Values and loss assessors,3315,Valuers and loss assessors
,Abagura n’abagurisha n’abahuza abagura n’abagurisha(commissionaires),332,Sales and purchasing agents and brokers
3321,Abahagarariye ubwishingizi,3321,Insurance representatives
3322,Abahagarariye ubucuruzi,3322,Commercial sales representatives
3323,Abaguzi,3323,Buyers
3324,Abahuza mu bijyanye n’ubucuruzi,3324,Trade brokers
,Abakoresha imirimo yo gushakisha imari,333,Business services agents
3331,Abakora umurimo wo kuzuza impapuro muri gasutamo z’ibyatumijwe mu mahanga,3331,Clearing and forwarding agents
3332,Abashinzwe gutegura amanama,3332,Conference and event planners
3333,Abahuza abashaka akazi n'abagatanga,3333,Employment agents and contractors
3334,Abakora umurimo wo kuranga amazu agurwa cg akodeshwa,3334,Real estate agents and property managers
3339,Abakora indi mirimo yogushakisha imari itavuzwe ahandi,3339,Business services agents not elsewhere classified
,Ubunyamabanga bwihariye,334,Administrative and specialised secretaries
3341,Abagenzuzi bo mu biro,3341,Office supervisors
3342,Abanyamabanga mu bijyanye n’amategeko,3342,Legal secretaries
3343,Abanyamabanga mu buyobozi n’anbanyamabanga nshingwabikorwa,3343,Administrative and executive secretaries
3344,Abanyamabanga mu mirimo ijyanye n’ubuvuzi,3344,Medical secretaries
,Abakozi ba leta mu bijyanye no gushyira amategeko mu bikorwa,335,Regulatory government associate professionals
3351,Abagenzuzi ba za gasutamo n’imipaka,3351,Customs and border inspectors
3352,Abakozi bakuru  ba leta mubijyanye n’imisoro,3352,Government tax and excise officials
3353,Abakozi bakuru ba leta mubijyanye n’imibereho myiza,3353,Government social benefits officials
3354,Abakozi ba leta mubijyanye no gutanga ibyemezo bitandukanye,3354,Government licensing officials
3355,Abayobozi muri polisi no gutara amakuru,3355,Police inspectors and detectives
3359,Abakozi ba leta mu bijyanye no gushyira amategeko mu bikorwa batagize ahandi bavugwa,3359,Regulatory government associate professionals not elsewhere classified
,"Abazobereye muby’amategeko,imibereho myiza,umuco n’ibindi nkabyo",34,"Legal, social, cultural and related associate professionals"
,"Abazobereye mu bifitanye isano n’amategeko,imibereho myiza,iyobokamana",341,"Legal, social and religious associate professionals"
3411,Abazobereye mu bifitanye isano n’amategeko ,3411,Police inspectors and detectives
3412,Abazobereye mu bifitanye isano n’mibereho myiza,3412,Social work associate professionals
3413,Abazobereye mu bifitanye isano n’iyobokamana,3413,Religious associate professionals
,Abakora mu bijyanye na siporo n’imikino,342,Sports and fitness workers
3421,Abakora siporo n’mikino ngororangingo,3421,Athletes and sports players
3422,Abatoza b’imikino n’abayiyobora,3422,"Sports coaches, instructors and officials"
3423,Abayobora  bakanigisha ibijyanye imyidagaduro n’ingororrangingo,3423,Fitness and recreation instructors and program leaders
,"Abazobereye mu myuga,umuco n’ibyo guteka",343,"Artistic, cultural and culinary associate professionals"
3431,Abafotozi,3431,Photographers
3432,Abashushanya bakanakora décoration ,3432,Interior designers and decorators
3433,"Abatekinisiye mu bijyanye n’aho bamurikira ibishushanyo,inzu ndangamurage n’inzu z’ibitabo",3433,"Gallery, museum and library technicians"
3434,Abayobozi ,3434,Chefs
3435,"Abandi bazobereye mu myuga,umuco no mubyo guteka",3435,Other artistic and cultural associate professionals
,Abatekinisiye mu by’itumanaho,35,Information and communications technicians
,Abatekinisiye bafasha mu ikoranabuhanga mu itumanaho,351,Information and communications technology operations and user support technicians
3511,Abatekinisiye mu mirimo y’ ikoranabuhanga mu itumanaho,3511,Information and communications technology operations technicians
3512,Abatekinisiye bafasha mu ikoranabuhanga mu itumanaho,3512,Information and communications technology user support technicians
3513,Abatekinisiye muri réseau za mudasobwa,3513,Computer network and systems technicians
3514,Abatekinisiye mu bya website,3514,Web technicians
,Abatekinisiye muby’itumananho n’isakazamajwi,352,Telecommunications and broadcasting technicians
3521,Abatekinisiye mu isakazamajwi,3521,Broadcasting and audio-visual technicians
3522,Abatekinisiye mu itumanaho,3522,Telecommunications engineering technicians
,Abakora akazi k’ubwanditsi,4,Clerical support workers
,Abakora akazi  k’ubwanditsi muri rusange hamwe n’abandikisha za  mudasonwa,41,General and keyboard clerks
,Abakora akazi ko kwandikisha imashini mu ma biro,411,General office clerks
4110,Abakora akazi ko kwandikisha imashini mu ma biro,4110,General office clerks
,Akazi  k’ubunyamabanga(muri rusange),412,Secretaries (general)
4120,Akazi  k’ubunyamabanga(muri rusange),4120,Secretaries (general)
,Abakora akazi ko kwandikisha mudasobwa,413,Keyboard operators
4131,Abandikisha imashini bakanatunganya inyandiko,4131,Typists and word processing operators
4132,Abakora saisie,4132,Data entry clerks
,Imirimo y’ubwanditsi mubya gasutamo,42,Customer services clerks
,Abagenzura n’abakira amafranga yinjiye,421,"Tellers, money collectors and related clerks"
4211,Abagenzura amafranga yinjiwza muri banki n’abandi nkabo,4211,Bank tellers and related clerks
4212,Abategura bakanakurikirana iby'imikino na tombora,4212,"Bookmakers, croupiers and related gaming workers"
4213,Abatanga inguzanyo y'amafaranga hashingiwe ku ngwate,4213,Pawnbrokers and money-lenders
4214,"Abakusanya imyenda, imfashanyo yatanzwe n'ibindi nkibyo",4214,Debt-collectors and related workers
,Abashinwze kwakira abakiriya,422,Client information workers
4221,Abazobereye muby’ingendo,4221,Travel consultants and clerks
4222,Abakora ahatangirwa amakuru akenewe,4222,Contact centre information clerks
4223,Abakora kuri central za telefone,4223,Telephone switchboard operators
4224,Abakira abakiriya muri hoteri,4224,Hotel receptionists
4225,"Abasubiza ibibazo kuri telephone, e-mail….",4225,Enquiry clerks
4226,Abashinzwe kwakira abantu,4226,Receptionists (general)
4227,Abashinzwe ubushakashatsi na za anketi,4227,Survey and market research interviewers
4229,Abandi batavuzwe batanga amakuru akenerwa n’ abaturage,4229,Client information workers not elsewhere classified
,Abakora imirimo yo kwandika ibikoresho by’akazi no kubishyira ho nomero ,43,Numerical and material recording clerks
,Abashyira amanomero ku bikoresho,431,Numerical clerks
4311,Abakora umurimo w’ubucungamari n’ibindi nkabyo,4311,Accounting and bookkeeping clerks
4312,"Abakora umurimo w’ibarurishamibare,ubukungu n’ubwishingizi",4312,"Statistical, finance and insurance clerks"
4313,Ababakora imishahara y’abakozi,4313,Payroll clerks
,Abakora umurimo wo kubarura ibikoresho no kubitwara ,432,Material-recording and transport clerks
4321,Abashinzwe ububiko bw’ibikoresho,4321,Stock clerks
4322,Abashinzwe umusaruro,4322,Production clerks
4323,Abashinzwe gutwara ibintu,4323,Transport clerks
,Abandi bakozi bafasha mu yindi mirimo iikorerwa abakozi,44,Other clerical support workers
,Abandi bakozi bafasha mu yindi mirimo ikorerwa abakozi,441,Other clerical support workers
4411,Abakora mu bijyanye n’ibitabo,4411,Library clerks
4412,Abakora umurimo wo gutoranya amabaruwa no kuyatanga,4412,Mail carriers and sorting clerks
4413,"Abakora codification, abakosora n'ibindi nkibyo",4413,"Coding, proof-reading and related clerks"
4414,Abandikira amabaruwa n'izindi nyandiko abatazi kwandika,4414,Scribes and related workers
4415,Abakoresha imashini zikora fotokopi,4415,Filing and copying clerks
4416,Abakora mu biro bishinzwe abakozi,4416,Personnel clerks
4419,Abandi bakozi bafasha mu yindi mirimo ikorerwa abakozi itavuzwe,4419,Clerical support workers not elsewhere classified
,Abakora mu mirimo yo gutanga servisi n’ubucuruzi,5,Service and sales workers
,Abakora mu mirimo yo gutanga servisi n’ubucuruzi,51,Personal service workers
,"Abakozi baciriritse,abatwara abantu n’ababayobora mu bijyanye n’ingendo",511,"Travel attendants, conductors and guides"
5111,Abakozi baciriritse mu bijyanye n’ingedo,5111,Travel attendants and travel stewards
5112,Abatwara abantu mu bijyanye n’ingendo,5112,Transport conductors
5113,Abayobora abantu mu bijyanye n’ingendo,5113,Travel guides
,Abatetsi,512,Cooks
5120,Abatetsi,5120,Cooks
,Abatanga ibyo kurya hamwe n'ibinyobwa n'abatanga ibinyobwa muri za bars,513,Waiters and bartenders
5131,abatanga inzoga,5131,Waiters
5132,abatanga ibinyobwa muri za bars,5132,Bartenders
,"Abatunganya imisatsi,abasukura umubiri n’indi mirimo nkayo",514,"Hairdressers, beauticians and related workers"
5141,Abatunganya imisatsi,5141,Hairdressers
5142,Abakora imirimo y’isuku n’ibindi bijya gusa,5142,Beauticians and related workers
,Abayobora imirimo yo gucunga no gufata neza amazu,515,Building and housekeeping supervisors
5151,"Abayobora imirimo yo gusukura amazu mu ma biro,amahoteri n’andi mazu",5151,"Cleaning and housekeeping supervisors in offices, hotels and other establishments"
5152,Abashinzwe imicungire y'ingo,5152,Domestic housekeepers
5153,Abacunga amagorofa,5153,Building caretakers
,Abandi batanga serivisi zikorerwa abantu,516,Other personal services workers
5161,Abaraguzi n’abandi bajya kumera nkabo,5161,"Astrologers, fortune-tellers and related workers"
5162,Abaherekeza b'abakoresha ,5162,Companions and valets
5163,Abakora   mu bijyanye no gushyingura,5163,Undertakers and embalmers
5164,Abita ku nyamaswa zibana n’abantu,5164,Pet groomers and animal care workers
5165,Abigisha gutwara imodoka,5165,Driving instructors
5169,Abandi bakora mu mirimo yo gutanga servisi zikorerwa abantu biitavuzwe ahandi,5169,Personal services workers not elsewhere classified
,Abakora imirimo ijyanye n’ubucuruzi,52,Sales workers
,Abacururiza mu mihanda no mu masoko,521,Street and market salespersons
5211,Abacururiza mu masoko,5211,Stall and market salespersons
5212,Abacururiza ibiribwa mu mihanda,5212,Street food salespersons
,Abacururiza mu maduka,522,Shop salespersons 
5221,Abarinda amaduka ,5221,Shop keepers
5222,Abayobora amaduka,5222,Shop supervisors
5223,Aabafasha abakora umurimo w’ubucuruzi,5223,Shop sales assistants
,Abakira amafranga cyangwa ama tike,523,Cashiers and ticket clerks
5230,Abakira amafranga cyangwa ama tike,5230,Cashiers and ticket clerks
,Indi mirimo ijyanye n’ubucuruzi,524,Other sales workers
5241,Abakora mu bijyanye n’imideri na za mode,5241,Fashion and other models
5242,Abamamaza ibicuruzwa,5242,Sales demonstrators
5243,Abazererana ibicuruzwa,5243,Door to door salespersons
5244,Urubuga abacuruza babarizwaho,5244,Contact centre salespersons
5245,Abagurisha essence na peterori n'ibindi kuri za stations,5245,Service station attendants
5246,Abatanga ibiribwa muri za resitora n'ahandi,5246,Food service counter attendants
5249,Abakora ibijyanye n’ubucuruzi batagize aho bavugwa,5249,Sales workers not elsewhere classified
,Abakora imirimo yo kwita ku bantu n’ibintu,53,Personal care workers
,Abakora umurimo wo kwita ku bana n’abafasha mu kubigisha,531,Child care workers and teachers' aides
5311,Abakora imirimo yo kwita ku bana,5311,Child care workers
5312,Abafasha mu bijyanye no kwigisha,5312,Teachers' aides
,Abakora imirimo yo kwita ku barwayi muri servisi z’ubuvuzi,532,Personal care workers in health services
5321,Abaforomo,5321,Health care assistants
5322,Abashinzwe kwitwa mu nzu mu ngo,5322,Home-based personal care workers
5329,Abakora umurimo wo kwita bantu muri muri za servisi z’ubvuzi,5329,Personal care workers in health services not elsewhere classified
, Abakora muri za servisi z’uburinzi,54,Protective services workers
,Abakora muri za servisi z’uburinzi,541,Protective services workers
5411,Abakora umurimo wo kuzimya umuriro,5411,Fire-fighters
5412,Abapolisi bo murwego rwo he juru,5412,Police officers
5413,Abarinzi baza  gereza,5413,Prison guards
5414,Abakora umurimo w’uburinzi,5414,Security guards
5419,Abakora muri za servisi z’uburinzi batavuzwe ahandi,5419,Protective services workers not elsewhere classified
,"Abazobereye mu by’ubuhinzi,amashyamba n’uburobyi",6,"Skilled agricultural, forestry and fishery workers"
,Amasoko yazobereye mu by’ubucurizi bw’ibijyanye n’ubuhinzi,61,Market-oriented skilled agricultural workers
,Ubuhinzi bw’iimbuto n’abtera ibimera,611,Market gardeners and crop growers
6111,Abahinzi b’imboga n’ibindi bihingwa,6111,Field crop and vegetable growers
6112,Abinaza ingemwe z’ibiti n’ababihinga,6112,Tree and shrub crop growers
6113,"Abahinga idabyo,n’abazinaza",6113,"Gardeners, horticultural and nursery growers"
6114,Abahinzi b’ibihingwa bitandukanye,6114,Mixed crop growers
,Aborozi,612,Animal producers
6121,Aborozi b’inka n’abatanga amata,6121,Livestock and dairy producers
6122,Aborozi b’inkoko,6122,Poultry producers
6123,Aborozi b’izuki ,6123,Apiarists and sericulturists
6129,Aborozi batavuzwe ahandi,6129,Animal producers not elsewhere classified
,Abakora ubuhinzi hamwe n’ubworozi,613,Mixed crop and animal producers
6130,Abakora ubuhinzi hamwe n’ubworozi,6130,Mixed crop and animal producers
,"Abakora umurimo ujyanye n’ubucuruzi bw’ibiti,amafi n’umuhigo",62,"Market-oriented skilled forestry, fishery and hunting workers"
,Abakora imirimo ijyanye n’amashyamba,621,Forestry and related workers
6120,Abakora imirimo ijyanye n’amashyamba,6210,Forestry and related workers
,"Abakora imirimo y’uburobyi,ubuhigi nogutega inyamaswa",622,"Fishery workers, hunters and trappers"
6221,Abakora umurimo w’ubworozi bw’amafi,6221,Aquaculture workers
6222,Abarobera ku nkombe no mu mazi hagati,6222,Inland and coastal waters fishery workers
6223,Abarobera mu nyanja,6223,Deep-sea fishery workers
6224,Abahigi n’abatega imitego,6224,Hunters and trappers
,"Abahinga,abaroba,abahiga n’abasoroma ibyo kubatunga gusa",63,"Subsistence farmers, fishers, hunters and gatherers"
,Abahinga gusa ibyo kubatunga,631,Subsistence crop farmers
6310,Abahinga gusa ibyo kubatunga,6310,Subsistence crop farmers
,Aborora batagamije kugurisha,632,Subsistence livestock farmers
6320,Aborora batagamije kugurisha,6320,Subsistence livestock farmers
,Abahinga bakana hinga ibyo kubatunga gusa,633,Subsistence mixed crop and livestock farmers
6330,Abahinga bakana hinga ibyo kubatunga gusa,6330,Subsistence mixed crop and livestock farmers
,"Abahinga,abaroba,abahiga n’abasoroma ibyo kubatunga gusa",634,"Subsistence fishers, hunters, trappers and gatherers"
6340,"Abahinga,abaroba,abahiga n’abasoroma ibyo kubatunga gusa",6340,"Subsistence fishers, hunters, trappers and gatherers"
,Imyuga n’indi mirimo y’ubugeni n'ubukorikori,7,Craft and related trades workers
,"Ubwubatsi n’indi mirimo bijya gusa,hatarimo abakora amashanyarazi",71,"Building and related trades workers, excluding electricians"
,Abubaka inyubako zitandukanye,711,Building frame and related trades workers
7111,Abubaka amazu asanzwe,7111,House builders
7112,Abubaka amatafari,7112,Bricklayers and related workers
7113,Abakata bakanubaka amabuye,7113,"Stonemasons, stone cutters, splitters and carvers"
7114,Abakora imirimo ijyanye no kumena beto,7114,"Concrete placers, concrete finishers and related workers"
7115,Abakora charpente no kubaza,7115,Carpenters and joiners
7119,Abubaka inkingi bazamuriraho amagorofa n’indi mirimo bijyana itavuzwe ahandi,7119,Building frame and related trades workers not elsewhere classified
,Abakora imirimo yanyuma yo kurangiza ubwubatsi bw’amagorofa,712,Building finishers and related trades workers
7121,Abakora ibisenge,7121,Roofers
7122,Abasasa beton n’ama carreaux ,7122,Floor layers and tile setters
7123,Abomeka za plastiques n'ibindi bikoresho ku nkuta n'ahandi,7123,Plasterers
7124,Abakora mubijyanye na isolation thermique,7124,Insulation workers
7125,Abakata bakanashyira ibirahure mu mazu,7125,Glaziers
7126,Abakora umurimo wo gushyira amazi mu mazu,7126,Plumbers and pipe fitters
7127,Abatekinisiye mu gukoresha ibyuma bishyusha cg bikongesha mu mazu  na za frigo,7127,Air conditioning and refrigeration mechanics
,Abasiga amarange cg ibindi bintu ku nkuta z’amazu,713,"Painters, building structure cleaners and related trades workers"
7131,Abasiga amarange n’ibindi nkabyo,7131,Painters and related workers
7132,Abatera irange na verni bakoresheje ipombo,7132,Spray painters and varnishers
7133,Abasukura ibice by'inyuma by'inzu,7133,Building structure cleaners
,Abakora mu byuma n’abakoresha amashini ,72,"Metal, machinery and related trades workers"
,"Abakora aho bakorera amabati,gusudira, gucura n’ndi mirimo bijya gusa",721,"Sheet and structural metal workers, moulders and welders, and related workers"
7211,Abakora ibyuma n'umushongi w'ibyuma,7211,Metal moulders and coremakers
7212,Abakata ibyuma bakoresheje gaz cg amashanyarazi,7212,Welders and flamecutters
7213,Abakora amabati,7213,Sheet-metal workers
7214,Abakora ibisenge by’ibyuma,7214,Structural-metal preparers and erectors
7215,Gréeurs et épisseurs de câble,7215,Riggers and cable splicers
,Abacuzi n’abandi bakora ibisa nabyo,722,"Blacksmiths, toolmakers and related trades workers"
7221,"Abacuzi,abakoresha inyundo",7221,"Blacksmiths, hammersmiths and forging press workers"
7222,Abacura ibikoresho bikenerwa,7222,Toolmakers and related workers
7223,Imashini zihindura ibyuma mo ibindi bikoresho,7223,Metal working machine tool setters and operators
7224,"Abakora umurimo wo gusiga irange ibyuma,abatyaza ibyuma",7224,"Metal polishers, wheel grinders and tool sharpeners"
,Akanika cg bagasana ibinyabiziga,723,Machinery mechanics and repairers
7231,Abakanika ibinyabiziga bakanabisana,7231,Motor vehicle mechanics and repairers
7232,Abakanika indege,7232,Aircraft engine mechanics and repairers
7233,Abakanika imashini  zihinga n’izikora mu nganda,7233,Agricultural and industrial machinery mechanics and repairers
7234,Abakanika amagare,7234,Bicycle and related repairers
,Abakora imirimo y’ubukorikori n’ijyanye n’icapiro,73,Handicraft and printing workers
,Abakora ubukorikori,731,Handicraft workers
7311,Abakora ibikoresho by’umuziki bikoresha imirya,7311,Precision-instrument makers and repairers
7312,Abakora ibindi bikoresho by’umuziki,7312,Musical instrument makers and tuners
7313,Abakora mubijyanye n’imitako yambarwa cg amabuye y’agaciro,7313,Jewellery and precious-metal workers
7314,Ababumbyi n’abakora indi mirimo nkayo,7314,Potters and related workers
7315,"Abakora ibirahuri,ababikata n’ababishyira mu mazu",7315,"Glass makers, cutters, grinders and finishers"
7316,"Abandika ibyapa,abashushanya imitako,abandika ku bintu bikomeye babisharuraho(graveur)",7316,"Sign writers, decorative painters, engravers and etchers"
7317,"Abakora imirimo y’ubukorikori  ikozwe mu biti,cg ibibohano",7317,"Handicraft workers in wood, basketry and related materials"
7318,"Abakora imirimo y’ubukorikori ijyanye no gukora imyenda,impu n’ibindi bikoresho nkabyo",7318,"Handicraft workers in textile, leather and related materials"
7319,Abakora imirimo y’ubukorikori itaragize ahandi ivugwa,7319,Handicraft workers not elsewhere classified
,Abakora mu macapiro,732,Printing trades workers
7321,Abatunganya inyandiko mbere y'uko zijya muri impremeries,7321,Pre-press technicians
7322,Abacapa impapuro,7322,Printers 
7323,Abateranya impapuro  mu icapiro,7323,Print finishing and binding workers
,Abakora ibijyanye n’amshanyarazi na elegitronike,74,Electrical and electronic trades workers
,Abakora bakanasana ibikoresho bikoresha’amashanyarazi,741,Electrical equipment installers and repairers
7411,Abashyira amashanyarazi mu ma gorofa,7411,Building and related electricians
7412,Abakora amashanyarazi y’ama mashini,7412,Electrical mechanics and fitters
7413,Abakora bakanasana ibiti by’amashanyarazi,7413,Electrical line installers and repairers 
,Abagurisha za servisi mu bijyanye no gukora no gusana ibijyanye na electronike n’itumanaho,742,Electronics and telecommunications installers and repairers
7421,Abatanga za servisi mubijyanye na electrinike,7421,Electronics mechanics and servicers
7422,Abatanga za service mubijyanye n’ikoranabuhanga,7422,Information and communications technology installers and servicers
,"Abakora ahatunganyirizwa ibiribwa,imbaho cg imyenda byagenewe gucuruzwa",75,"Food processing, wood working, garment and other craft and related trades workers"
,Abakora ahatunganyirizwa ibiribwa n’ibindi nkabyo,751,Food processing and related trades workers
7511,"Ababazi,abacuruzi b’amafi n’abategura ibiribwa bindi",7511,"Butchers, fishmongers and related food preparers"
7512,"Abakora imigati,n’bindi biribwa biryohera",7512,"Bakers, pastry-cooks and confectionery makers"
7513,Abakora mubijyanye n’amata,7513,Dairy-products makers
7514,Abakora mubijyanye n’imbuto n’imboga,7514,"Fruit, vegetable and related preservers"
7515,Abumviriza uburyohe bw’ibiribwa n’ibinyobwa,7515,Food and beverage tasters and graders
7516,Abakora bakanatunganya itabi,7516,Tobacco preparers and tobacco products makers
,Abakora umurimo wo gutunganya ibiva mu biti,752,"Wood treaters, cabinet-makers and related trades workers"
7521,Abatunganya ibiti ,7521,Wood treaters
7522,Aba decora bakanasana ibikoresho byo mu biti,7522,Cabinet-makers and related workers
7523,Abakoresha imashini zibaza imbaho,7523,Woodworking-machine tool setters and operators
,Abakora imyambaro,753,Garment and related trades workers
7531,"Abadozi,abadoda imyenda y’abagore n’ikoze mu mpu",7531,"Tailors, dressmakers, furriers and hatters"
7532,Abatunganya imyambaro bakanahimba za modeli,7532,Garment and related pattern-makers and cutters
7533,Umurimo wo gufuma no gutaka imyenda n’indi mirimo bisa,7533,"Sewing, embroidery and related workers"
7534,Abakora ama tapi n’ibindi nkabyo,7534,Upholsterers and related workers
7535,Abakora umurimo ujyanye no gukora ibintu mu mpu,7535,"Pelt dressers, tanners and fellmongers"
7536,Abakora inkweto,7536,Shoemakers and related workers
,Abakora ubundi bukorikori,754,Other craft and related workers
7541,Indi mirimo y’ubukorikori,7541,Underwater divers
7542,Abakora umurimo ijyanye n'intambi ,7542,Shotfirers and blasters
7543,Abaturitsa intambi,7543,Product graders and testers (excluding foods and beverages)
7544,Abatera imiti yica udukoko,7544,Fumigators and other pest and weed controllers
7549,Abanyabukorikori batagize ahandi bavugwa,7549,Craft and related workers not elsewhere classified
,Abakoresha imashini  n’abaziteranya,8,"Plant and machine operators, and assemblers"
,Abakoresha imashine zitava aho ziri,81,Stationary plant and machine operators
,Abakoresha imashine zitava aho ziri mu bijyanye n'ubucukuzi,811,Mining and mineral processing plant operators
8111,Abacukuzi b’amabuye y’agaciro n’asanzwe,8111,Miners and quarriers
8112,Abakoresha imashini zitunganya amabuye y'agaciro,8112,Mineral and stone processing plant operators
8113,Abakoresha imashine mu murimo wo gucukura amariba,8113,Well drillers and borers and related workers
8114,Abakoresha imashini zikora sima n'ibindi bikomoka ku mabuye y'agaciro ,8114,"Cement, stone and other mineral products machine operators"
,Abakoresha imashine zitunganya ibyuma ,812,Metal processing and finishing plant operators
8121,Abakora munganda zitunganya ibyuma,8121,Metal processing plant operators
8122,Abakoresha imashine zisena ibyuma,8122,"Metal finishing, plating and coating machine operators"
,abakoresha imashine zikora za produits chimiques n’izi koreshwa mu gukora amfoto,813,Chemical and photographic products plant and machine operators
8131,Abakoresha imashine zikora za produits chimiques,8131,Chemical products plant and machine operators
8132,Abakoresha imashini zikora produit zikoreshwa amafoto,8132,Photographic products machine operators
,"Abakoresha imashini zitunganya caoutchouc,plastike n’impapuro",814,"Rubber, plastic and paper products machine operators"
8141,Abakoresha imashini zitunganya caoutchouc,8141,Rubber products machine operators
8142,Abakoresha imashini zitunganya palstike,8142,Plastic products machine operators
8143,Abakoresha imashini zitunganya impauro,8143,Paper products machine operators
,Abakoresha imashinizitunganya imyenda cg impu batvuzwe ahandi,815,"Textile, fur and leather products machine operators"
8151,Abakoresha imashini zitunganya indodo zo gukoresha imyenda,8151,"Fibre preparing, spinning and winding machine operators"
8152,Abakoresha imashini ziboha imipira y’mbeho,8152,Weaving and knitting machine operators
8153,Abakoresha imashini zidoda,8153,Sewing machine operators
8154,Abakoresha imashini zishyira amabara ku myenda,8154,"Bleaching, dyeing and fabric cleaning machine operators"
8155,Abakoresha imashini zitunganya impuzisanzwe n’izifite ubwoya bwinshi bushyushya ,8155,Fur and leather preparing machine operators
8156,Abakoresha imashini zikora inkweto n’ibindi bikoze miu ruhu,8156,Shoemaking and related machine operators
8157,Abakoresha imashini zimesa imyenda,8157,Laundry machine operators
8159,Abakoresha imashini zikora imyenda zikanatunganya impu batavuzwe ahandi,8159,"Textile, fur and leather products machine operators not elsewhere classified"
,Abakoresha imashini zikora ibiryo cg ibindi bijya gusa,816,Food and related products machine operators
8160,Abakoresha imashini zikora ibiryo cg ibindi bijya gusa,8160,Food and related products machine operators
,Abakora mu nganda zitunganya ibi zikanakora impapuro,817,Wood processing and papermaking plant operators
8171,Abakora mu nganda zikora impapuro,8171,Pulp and papermaking plant operators
8172,Abakora mu nganda zitunganya impapuro,8172,Wood processing plant operators
,Abandi bakora mu nganda zikora ibikoresho byo mu biro,818,Other stationary plant and machine operators
8181,Abakora mu nganda zikora ibirahuri n’amadongo,8181,Glass and ceramics plant operators
8182,Abakoresha imashini zireshwa umwuka cg amazi ashyushye,8182,Steam engine and boiler operators
8183,"Abakoresha imashini zishyira ibintu mu makarito,mu macupa zikanashyiraho ibyapa",8183,"Packing, bottling and labelling machine operators"
8189,Abakaoresha imashini zikora ibikoresho byo mu biro batavuzwe ahandi,8189,Stationary plant and machine operators not elsewhere classified
,Abateranya ibyuma by’imashini,82,Assemblers
,Abateranya ibyuma by’imashini,821,Assemblers
8211,Abateranya ibyuma by’imashini,8211,Mechanical machinery assemblers
8212,Abateranya ibikoresho by’amashanyarazi na electronike,8212,Electrical and electronic equipment assemblers
8219,Abateranya ibyuma hatavuzwe ahandi,8219,Assemblers not elsewhere classified
,Abashoferi ,83,Drivers and mobile plant operators
,Abatwara za gari ya moshi,831,Locomotive engine drivers and related workers
8311,Abatwara za gari ya moshi,8311,Locomotive engine drivers
8312,Abakoresha amatara ayobora za gari ya moshi,8312,"Railway brake, signal and switch operators"
,Abashoferi b' imodoka  na za moto,832,"Car, van and motorcycle drivers"
8321,Abamotari,8321,Motorcycle drivers
8322,Abashoferi b'imodoka,8322,"Car, taxi and van drivers"
,Abatwara amakamyo  manini na za bisi,833,Heavy truck and bus drivers
8331,Abatwara za bisi,8331,Bus and tram drivers
8332,Abatwara amakamyo manini,8332,Heavy truck and lorry drivers
,Abakoresha ibimashine byimukanwa(bigenda),834,Mobile plant operators
8341,Abakoresha imashine zo mu by’ubuhinzi n’amashyamba ,8341,Mobile farm and forestry plant operators
8342,Abakoresha za caterapirali,8342,Earthmoving and related plant operators
8343,Abakoresha ibyuma birebire bihereza ibikoresho aho bubaka amgorofa maremare,8343,"Crane, hoist and related plant operators"
8344,Abakoresha ibimashine biterura,8344,Lifting truck operators
,Abakora mu mato n’abandi nkabo,835,Ships' deck crews and related workers
8350,Abakora mu mato n’abandi nkabo,8350,Ships' deck crews and related workers
,Imirimo iciriritse,9,Elementary occupations
,Abakora imirmo y’isuku,91,Cleaners and helpers
,"Abakora mu ngo,n’abakora isuku mu mahoterin’amabiro",911,"Domestic, hotel and office cleaners and helpers"
9111,Abakora mu ngo,9111,Domestic cleaners and helpers
9112,"Abakora isuku mu ma biro, amahoteri n’ahandi hantu",9112,"Cleaners and helpers in offices, hotels and other establishments"
,"Abakora umurimo wo gusukura imodoka,amadirishya,imyenda n’indi mirimo yisuku itavuzwe",912,"Vehicle, window, laundry and other hand cleaning workers"
9121,Abameshesha intoki,9121,Hand launderers and pressers
9122,Aboza imodoka,9122,Vehicle cleaners
9123,Aboza ibirahuri,9123,Window cleaners
9129,Abandi bakora umurimo w’isuku batavuzwe,9129,Other cleaning workers
,"Ba nyakabyizi mu by’ubuhinzi,amashyamba n’uburobyi",92,"Agricultural, forestry and fishery labourers"
,"Ba nyakabyizi mu by’ubuhinzi,amashyamba n’uburobyi",921,"Agricultural, forestry and fishery labourers"
9211,Ba nyakabyizi mu buhinzi,9211,Crop farm labourers
9212,Ba nyakabyizi  mubijyanye n’ubworozi,9212,Livestock farm labourers
9213,Ba nyakabyizi  mubijyanye n’ubuhinzi n’ubworozi,9213,Mixed crop and livestock farm labourers
9214,Ba nyakabyizi  mubijyanye no gutunganya ubusitani n’indabyo,9214,Garden and horticultural labourers
9215,Ba nyakabyizi mu bijyanye n’amashyamba,9215,Forestry labourers
9216,Ba nyakabyizi mu bijyanye n’uburobyi n’ubworozi bw’amafi,9216,Fishery and aquaculture labourers
,"Ba nyakabyizi mu bucukuzi bw’amabuye y’agaciro,ubwubatsi,mu nganda no gutwara abantu n’ibintu",93,"Labourers in mining, construction, manufacturing and transport"
,Ba nyakabyizi mu bucukuzi n’ubwubatsi,931,Mining and construction labourers
9311,Ba nyakabyizi mu gucukura amabuye y’agaciro n’ubwikorezi,9311,Mining and quarrying labourers
9312,Ba nyakabyizi muri civi engeneering,9312,Civil engineering labourers
9313,Ba nyakabyizi mu kwubaka amazu,9313,Building construction labourers
,Ba nyakabyizi mu nganda,932,Manufacturing labourers
9321,Ba nyakabyizi aho bashyirira ibintu mu mapaki,9321,Hand packers
9322,Abakora mu nganda batavuzwe ahandi,9329,Manufacturing labourers not elsewhere classified
,Ba nyakabyizi mubijyanye no gutwara ibintu no kubihunika,933,Transport and storage labourers
9331,Abanyonzi ,9331,Hand and pedal vehicle drivers
9332,Abatwara inyamaswa zikurura ibinyabiziga,9332,Drivers of animal-drawn vehicles and machinery
9333,Abapakira imizigo,9333,Freight handlers
9334,"Abatunganya etageres, bakanazisukura",9334,Shelf fillers
,Abafasha mu murimo wo gutegura ibiribwa,94,Food preparation assistants
,Abafasha mu murimo wo gutegura ibiribwa,941,Food preparation assistants
9411,Abategura ibiryo byo muri resitora,9411,Fast food preparers
9412,Abafasha mu murimo wo guteka,9412,Kitchen helpers
,Abazereza ibicuruzwa,95,Street and related sales and service workers
,Abazereza ibicuruzwa n’izindi sevisi nkazo,951,Street and related service workers
9510,Abazereza ibicuruzwa n’izindi sevisi nkazo,9510,Street and related service workers
,Abacururiza mu mihanda(hatarimo ibiribwa),952,Street vendors (excluding food)
9520,Abacururiza mu mihanda(hatarimo ibiribwa),9520,Street vendors (excluding food)
,Abakora imirimo ijyanye no kuvangura imyanda,96,Refuse workers and other elementary workers
,Abakora imirimo ijyanye no kuvangura imyanda,961,Refuse workers
9611,Abashakisha imyanda ijugunywa n’ihindurwamo ibindi bintu,9611,Garbage and recycling collectors
9612,Abatoranya imyanda ijugunywa,9612,Refuse sorters
9613,Abakora umurimo wo gukubura ,9613,Sweepers and related labourers
,Indi mirimo iciriritse,962,Other elementary workers
9621,"Abakora akazi ko gutanga ubutumwa,amapaki cg imizigo",9621,"Messengers, package deliverers and luggage porters"
9622,Abakora akazi kadasobanutse,9622,Odd job persons
9623,Abakoresha ibyuma bibara amafranga,9623,Meter readers and vending-machine collectors
9624,Abakora akazi ko kuvoma amazi no gtashya inkwi,9624,Water and firewood collectors
9629,Indi mirimo iciriritse itagize ahandi ivugwa,9629,Elementary workers not elsewhere classified
,Imirimo ya gisirikare,0,Armed forces occupations
,Abofisiye bakuru b’ingabo,1,Commissioned armed forces officers
,Abofisiye bakuru b’ingabo,11,Commissioned armed forces officers
110,Abofisiye bakuru b’ingabo,110,Commissioned armed forces officers
,Abofisiye baciriritse ,2,Non-commissioned armed forces officers
,Abofisiye baciriritse,21,Non-commissioned armed forces officers
210,Abofisiye baciriritse,210,Non-commissioned armed forces officers
,Abasirikare bo hasi,3,"Armed forces occupations, other ranks"
,Abasirikare bo hasi,31,"Armed forces occupations, other ranks"
310,Abasirikare bo hasi,310,"Armed forces occupations, other ranks"
